{
  "metrics": {
    "accuracy": 0.9495524816924329,
    "f1_weighted": 0.9487435071999021,
    "f1_macro": 0.6805603385981989
  },
  "classification_report": {
    "Bare Land": {
      "precision": 0.0,
      "recall": 0.0,
      "f1-score": 0.0,
      "support": 1.0
    },
    "Built-up": {
      "precision": 0.9244060475161987,
      "recall": 0.9479512735326688,
      "f1-score": 0.9360306178239475,
      "support": 903.0
    },
    "Cropland": {
      "precision": 0.9676362146661205,
      "recall": 0.9772445179975175,
      "f1-score": 0.9724166323589954,
      "support": 2417.0
    },
    "Vegetation": {
      "precision": 0.8892405063291139,
      "recall": 0.7741046831955923,
      "f1-score": 0.8276877761413843,
      "support": 363.0
    },
    "Water": {
      "precision": 0.6666666666666666,
      "recall": 0.6666666666666666,
      "f1-score": 0.6666666666666666,
      "support": 3.0
    },
    "accuracy": 0.9495524816924329,
    "macro avg": {
      "precision": 0.68958988703562,
      "recall": 0.673193428278489,
      "f1-score": 0.6805603385981989,
      "support": 3687.0
    },
    "weighted avg": {
      "precision": 0.9488228086662893,
      "recall": 0.9495524816924329,
      "f1-score": 0.9487435071999021,
      "support": 3687.0
    }
  }
}